current_name,states,current_agency,action,date,year,pres_or_congress
Devils Tower National Monument,Wyoming,NPS,Established,9/24/06,1906,T. Roosevelt
El Morro National Monument,New Mexico,NPS,Established,12/08/06,1906,T. Roosevelt
El Morro National Monument,New Mexico,NPS,Enlarged,6/18/17,1917,W. Wilson
Montezuma Castle National Monument,Arizona,NPS,Established,12/08/06,1906,T. Roosevelt
Montezuma Castle National Monument,Arizona,NPS,Enlarged,2/23/37,1937,F. D. Roosevelt
Montezuma Castle National Monument,Arizona,NPS,Enlarged,11/10/78,1978,95th Congress
Montezuma Castle National Monument,Arizona,NPS,Deleted,11/10/78,1978,95th Congress
Petrified Forest National Park,Arizona,NPS,Established,12/08/06,1906,T. Roosevelt
Petrified Forest National Park,Arizona,NPS,Diminished,7/31/11,1911,W. Taft
Petrified Forest National Park,Arizona,NPS,Enlarged,11/14/30,1930,H. Hoover
Petrified Forest National Park,Arizona,NPS,Redesignated NP,3/28/58,1958,85th Congress
Petrified Forest National Park,Arizona,NPS,Enlarged,11/30/31,1931,H. Hoover
Petrified Forest National Park,Arizona,NPS,Enlarged,9/23/32,1932,H. Hoover
Chaco Culture National Historical Park,New Mexico,NPS,Established,03/11/07,1907,T. Roosevelt
Chaco Culture National Historical Park,New Mexico,NPS,Enlarged,01/10/28,1928,C. Coolidge
Chaco Culture National Historical Park,New Mexico,NPS,Redesignated Chaco Culture NHP,12/19/80,1980,96th Congress
Lassen Volcanic National Park,California,NPS,Established,05/06/07,1907,T. Roosevelt
Lassen Volcanic National Park,California,NPS,Incorporated into Lassen Volcanic NP,08/09/16,1916,64th Congress
Lassen Volcanic National Park,California,NPS,Established,05/06/07,1907,T. Roosevelt
Lassen Volcanic National Park,California,NPS,Redesignated Lassen Volcanic NP,08/09/16,1916,64th Congress
Gila Cliff Dwellings National Monument,New Mexico,NPS,Established,11/16/07,1907,T. Roosevelt
Gila Cliff Dwellings National Monument,New Mexico,NPS,Enlarged,4/17/62,1962,J. Kennedy
Tonto National Monument,Arizona,NPS,Established,12/19/07,1907,T. Roosevelt
Tonto National Monument,Arizona,NPS,Enlarged,04/01/37,1937,F. D. Roosevelt
Muir Woods National Monument,California,NPS,Established,01/09/08,1908,T. Roosevelt
Muir Woods National Monument,California,NPS,Enlarged,9/22/21,1921,W. Harding
Muir Woods National Monument,California,NPS,Enlarged,04/05/35,1935,F. D. Roosevelt
Muir Woods National Monument,California,NPS,Enlarged,6/26/51,1951,H. Truman
Muir Woods National Monument,California,NPS,Enlarged,09/08/59,1959,D. Eisenhower
Grand Canyon National Park,Arizona,NPS,Established,01/11/08,1908,T. Roosevelt
Grand Canyon National Park,Arizona,NPS,Redesignated Grand Canyon NP,2/26/19,1919,65th Congress
Pinnacles National Park,California,NPS,Established,1/16/08,1908,T. Roosevelt
Pinnacles National Park,California,NPS,Enlarged,05/07/23,1923,W. Harding
Pinnacles National Park,California,NPS,Enlarged,07/02/24,1924,C. Coolidge
Pinnacles National Park,California,NPS,Enlarged,4/13/31,1931,H. Hoover
Pinnacles National Park,California,NPS,Enlarged,07/11/33,1933,F. D. Roosevelt
Pinnacles National Park,California,NPS,Enlarged,12/05/41,1941,F. D. Roosevelt
Pinnacles National Park,California,NPS,Enlarged,01/11/00,2000,W. Clinton
Pinnacles National Park,California,NPS,Redesignated NP,01/10/13,2013,112th Congress
Jewel Cave National Monument,South Dakota,NPS,Established,02/07/08,1908,T. Roosevelt
Natural Bridges National Monument,Utah,NPS,Established,4/16/08,1908,T. Roosevelt
Natural Bridges National Monument,Utah,NPS,Enlarged,9/25/09,1909,W. Taft
Natural Bridges National Monument,Utah,NPS,Boundaries Confirmed,02/11/16,1916,W. Wilson
Natural Bridges National Monument,Utah,NPS,Enlarged,8/14/62,1962,J. Kennedy
Natural Bridges National Monument,Utah,NPS,Diminished,,,
Lewis and Clark Caverns State Park,Montana,State of Montana,Established,05/11/08,1908,T. Roosevelt
Lewis and Clark Caverns State Park,Montana,State of Montana,Boundaries Confirmed,5/16/11,1911,W. Taft
Lewis and Clark Caverns State Park,Montana,State of Montana,"Transferred to MT, now a state park",8/24/37,1937,75th Congress
Tumacacori National Historical Park,Arizona,NPS,Established,9/15/08,1908,T. Roosevelt
Tumacacori National Historical Park,Arizona,NPS,Enlarged,3/28/58,1958,D. Eisenhower
Tumacacori National Historical Park,Arizona,NPS,Enlarged,11/10/78,1978,95th Congress
Tumacacori National Historical Park,Arizona,NPS,Deleted,11/10/78,1978,95th Congress
Tumacacori National Historical Park,Arizona,NPS,Redesignated NHP,08/06/90,1990,101st Congress
Part of Rio Grande National Forest,Colorado,BLM,Established,12/07/08,1908,T. Roosevelt
Part of Rio Grande National Forest,Colorado,BLM,"Transferred to BLM, part of Rio Grande National Forest",08/03/50,1950,81st Congress
Olympic National Park,Washington,NPS,Established,03/02/09,1909,T. Roosevelt
Olympic National Park,Washington,NPS,Diminished,4/17/12,1912,W. Taft
Olympic National Park,Washington,NPS,Diminished,05/11/15,1915,W. Wilson
Olympic National Park,Washington,NPS,Diminished,01/07/29,1929,C. Coolidge
Olympic National Park,Washington,NPS,Redesignated NP,6/29/38,1938,75th Congress
Navajo National Monument,Arizona,NPS,Established,3/20/09,1909,W. Taft
Navajo National Monument,Arizona,NPS,Diminished,3/14/12,1912,W. Taft
Oregon Caves National Monument and Preserve,Oregon,NPS,Established,07/12/09,1909,W. Taft
Oregon Caves National Monument and Preserve,Oregon,NPS,Enlarged,11/10/78,1978,95th Congress
Oregon Caves National Monument and Preserve,Oregon,NPS,Redesignated NMP,12/19/14,2014,113th Congress
Zion National Park,Utah,NPS,Established,7/31/09,1909,W. Taft
Zion National Park,Utah,NPS,Enlarged & Renamed,3/18/18,1918,W. Wilson
Zion National Park,Utah,NPS,Redesignated NP,11/19/19,1919,66th Congress
Spirit Mountain Cave,Wyoming,BLM,Established,9/21/09,1909,W. Taft
Spirit Mountain Cave,Wyoming,BLM,Transferred to WY,5/17/54,1954,83d Congress
Salinas Pueblo Missions National Monument,New Mexico,NPS,Established,11/01/09,1909,W. Taft
Salinas Pueblo Missions National Monument,New Mexico,NPS,Enlarged,11/25/19,1919,W. Wilson
Salinas Pueblo Missions National Monument,New Mexico,NPS,"Abolished, funds available to Salinas NM",12/19/80,1980,96th Congress
Salinas Pueblo Missions National Monument,New Mexico,NPS,Redesignated Salinas Pueblo Missions NM,10/28/88,1988,
Sitka National Historical Park,Alaska,NPS,Established,3/23/10,1910,W. Taft
Sitka National Historical Park,Alaska,NPS,Resurveyed & Enlarged,2/25/52,1952,H. Truman
Sitka National Historical Park,Alaska,NPS,Redesignated NHP,10/18/72,1972,92d Congress
Sitka National Historical Park,Alaska,NPS,Deleted,7/30/83,1983,96th Congress
Rainbow Bridge National Monument,Utah,NPS,Established,5/30/10,1910,W. Taft
Big Hole National Battlefield,Montana,NPS,Established,6/23/10,1910,W. Taft
Big Hole National Battlefield,Montana,NPS,Enlarged,6/29/39,1939,F. D. Roosevelt
Big Hole National Battlefield,Montana,NPS,Redesignated NB,5/17/63,1963,88th Congress
Colorado National Monument,Colorado,NPS,Established,5/24/11,1911,W. Taft
Colorado National Monument,Colorado,NPS,Enlarged,03/03/33,1933,H. Hoover
Colorado National Monument,Colorado,NPS,Diminished,08/07/59,1959,D. Eisenhower
Colorado National Monument,Colorado,NPS,Enlarged,,,
Devils Postpile National Monument,California,NPS,Established,07/06/11,1911,W. Taft
Cabrillo National Monument,California,NPS,Established,10/14/13,1913,W. Wilson
Cabrillo National Monument,California,NPS,Enlarged,02/02/59,1959,D. Eisenhower
Cabrillo National Monument,California,NPS,Enlarged,9/28/74,1974,G. Ford
Papago Park,Arizona,State of Arizona,Established,1/31/14,1914,W. Wilson
Papago Park,Arizona,State of Arizona,"Transferred to AZ, now Papago Park",04/07/30,1930,71st Congress
Dinosaur National Monument,"Utah, Colorado",NPS,Established,10/04/15,1915,W. Wilson
Dinosaur National Monument,"Utah, Colorado",NPS,Enlarged,7/14/38,1938,F. D. Roosevelt
Walnut Canyon National Monument,Arizona,NPS,Established,11/30/15,1915,W. Wilson
Walnut Canyon National Monument,Arizona,NPS,Enlarged,9/24/38,1938,F. D. Roosevelt
Bandelier National Monument,New Mexico,NPS,Established,02/11/16,1916,W. Wilson
Bandelier National Monument,New Mexico,NPS,Enlarged,2/15/32,1932,H. Hoover
Bandelier National Monument,New Mexico,NPS,Enlarged,01/09/61,1961,D. Eisenhower
Bandelier National Monument,New Mexico,NPS,Enlarged,5/27/63,1963,J. Kennedy
Bandelier National Monument,New Mexico,NPS,Diminished,,,
Acadia National Park,Maine,NPS,Established,07/08/16,1916,W. Wilson
Acadia National Park,Maine,NPS,Redesignated Lafayette NP,2/26/19,1919,65th Congress
Acadia National Park,Maine,NPS,Redesignated Acadia NP,13/04/05,,
Capulin Volcano National Monument,New Mexico,NPS,Established,08/09/16,1916,W. Wilson
Capulin Volcano National Monument,New Mexico,NPS,Redesignated Capulin Volcano NM,03/03/33,1933,H. Hoover
Part of Tongass National Forest,Alaska,USFS,Established,10/25/16,1916,W. Wilson
Part of Tongass National Forest,Alaska,USFS,Transferred to Forest Service,7/26/55,1955,84th Congress
Crow Flies High Overlook,North Dakota,State of North Dakota,Established,6/29/17,1917,W. Wilson
Crow Flies High Overlook,North Dakota,State of North Dakota,Transferred to ND,7/30/56,1956,84th Congress
Casa Grande Ruins National Monument,Arizona,NPS,Established,08/03/18,1918,W. Wilson
Katmai National Park and Preserve,Alaska,NPS,Established,9/24/18,1918,W. Wilson
Katmai National Park and Preserve,Alaska,NPS,Enlarged,4/24/31,1931,H. Hoover
Katmai National Park and Preserve,Alaska,NPS,Restrictions Modified.,6/15/36,1936,F. D. Roosevelt
Katmai National Park and Preserve,Alaska,NPS,Enlarged,08/04/42,1942,F. D. Roosevelt
Katmai National Park and Preserve,Alaska,NPS,Enlarged,1/20/69,1969,L. Johnson
Katmai National Park and Preserve,Alaska,NPS,Enlarged,12/01/78,1978,J. Carter
Katmai National Park and Preserve,Alaska,NPS,Redesignated NP&P,12/02/80,1980,96th Congress
Scotts Bluff National Monument,Nebraska,NPS,Established,12/12/19,1919,W. Wilson
Scotts Bluff National Monument,Nebraska,NPS,Enlarged,06/01/32,1932,H. Hoover
Scotts Bluff National Monument,Nebraska,NPS,Enlarged,3/29/40,1940,F. D. Roosevelt
Yucca House National Monument,Colorado,NPS,Established,12/19/19,1919,W. Wilson
Great Basin National Park,Nevada,NPS,Established,1/24/22,1922,W. Harding
Great Basin National Park,Nevada,NPS,Incorporated into Great Basin NP,10/27/86,1986,99th Congress
Timpanogos Cave National Monument,Utah,NPS,Established,10/14/22,1922,W. Harding
Timpanogos Cave National Monument,Utah,NPS,Boundaries Confirmed,3/27/62,1962,J. Kennedy
Fossil Cycad National Monument,South Dakota,BLM,Established,10/21/22,1922,W. Harding
Fossil Cycad National Monument,South Dakota,BLM,Transferred to BLM,08/01/56,1956,84th Congress
Aztec Ruin National Monument,New Mexico,NPS,Established,1/24/23,1923,W. Harding
Aztec Ruin National Monument,New Mexico,NPS,Enlarged,07/02/28,1928,C. Coolidge
Aztec Ruin National Monument,New Mexico,NPS,Enlarged,12/19/30,1930,H. Hoover
Aztec Ruin National Monument,New Mexico,NPS,Enlarged,5/27/48,1948,H. Truman
Hovenweep National Monument,"Utah, Colorado",NPS,Established,03/02/23,1923,W. Harding
Hovenweep National Monument,"Utah, Colorado",NPS,Enlarged,4/26/51,1951,H. Truman
Hovenweep National Monument,"Utah, Colorado",NPS,Enlarged,11/20/52,1952,H. Truman
Hovenweep National Monument,"Utah, Colorado",NPS,Diminished,04/06/56,1956,D. Eisenhower
Hovenweep National Monument,"Utah, Colorado",NPS,"Enlarged, administered by Canyonlands NP",,,
Hopewell Culture National Historical Park,Ohio,NPS,Established,03/02/23,1923,W. Harding
Hopewell Culture National Historical Park,Ohio,NPS,Redesignated Hopewell Culture NHP,5/27/92,1992,102d Congress
Pipe Spring National Monument,Arizona,NPS,Established,5/31/23,1923,W. Harding
Bryce Canyon National Park,Utah,NPS,Established,06/08/23,1923,W. Harding
Bryce Canyon National Park,Utah,NPS,Redesignated NP,06/07/24,1924,68th Congress
Carlsbad Caverns National Park,New Mexico,NPS,Established,10/25/23,1923,C. Coolidge
Carlsbad Caverns National Park,New Mexico,NPS,Redesignated NP,5/14/30,1930,71st Congress
Chiricahua National Monument,Arizona,NPS,Established,4/18/24,1924,C. Coolidge
Chiricahua National Monument,Arizona,NPS,Enlarged,06/10/38,1938,F. D. Roosevelt
Craters of the Moon National Monument,Idaho,"NPS, BLM",Established,05/02/24,1924,C. Coolidge
Craters of the Moon National Monument,Idaho,"NPS, BLM",Enlarged,7/23/28,1928,C. Coolidge
Craters of the Moon National Monument,Idaho,"NPS, BLM",Enlarged,07/09/30,1930,H. Hoover
Craters of the Moon National Monument,Idaho,"NPS, BLM",Diminished,7/18/41,1941,F. D. Roosevelt
Craters of the Moon National Monument,Idaho,"NPS, BLM",Enlarged,11/19/62,1962,J. Kennedy
Craters of the Moon National Monument,Idaho,"NPS, BLM",Enlarged under BLM,11/09/00,2000,W. Clinton
Statue of Liberty National Monument,New York,NPS,Established,10/15/24,1924,C. Coolidge
Statue of Liberty National Monument,New York,NPS,Enlarged,09/07/37,1937,F. D. Roosevelt
Statue of Liberty National Monument,New York,NPS,"Enlarged, redesignated Statue of Liberty NM",05/11/65,1965,L. Johnson
Castle Pinckney,South Carolina,State of South Carolina,Established,10/15/24,1924,C. Coolidge
Castle Pinckney,South Carolina,State of South Carolina,Transferred to SC,3/29/56,1956,84th Congress
Fort Pulaski National Monument,Georgia,NPS,Established,10/15/24,1924,C. Coolidge
Fort Pulaski National Monument,Georgia,NPS,Enlarged,8/14/58,1958,D. Eisenhower
Castillo de San Marcos National Monument,Florida,NPS,Established,10/15/24,1924,C. Coolidge
Castillo de San Marcos National Monument,Florida,NPS,Redesignated Castillo San Marcos NM,06/05/42,1942,57th Congress
Fort Matanzas National Monument,Florida,NPS,Established,10/15/24,1924,C. Coolidge
Fort Matanzas National Monument,Florida,NPS,Enlarged,01/09/35,1935,F. D. Roosevelt
Fort Matanzas National Monument,Florida,NPS,Enlarged,3/24/48,1948,H. Truman
Wupatki National Monument,Arizona,NPS,Established,12/09/24,1924,C. Coolidge
Wupatki National Monument,Arizona,NPS,Enlarged,07/09/37,1937,F. D. Roosevelt
Wupatki National Monument,Arizona,NPS,Diminished,1/22/41,1941,F. D. Roosevelt
Natchez Trace National Scenic Trail,Tennessee,NPS,Established,02/06/25,1925,C. Coolidge
Natchez Trace National Scenic Trail,Tennessee,NPS,Enlarged,12/06/27,1927,C. Coolidge
Natchez Trace National Scenic Trail,Tennessee,NPS,"Included in the Natchez Trace Parkway, now Natchez Trace National Scenic Trail",08/10/61,1961,
Glacier Bay National Park and Preserve,Alaska,NPS,Established,2/26/25,1925,C. Coolidge
Glacier Bay National Park and Preserve,Alaska,NPS,Enlarged,4/18/39,1939,F. D. Roosevelt
Glacier Bay National Park and Preserve,Alaska,NPS,Diminished,3/31/55,1955,D. Eisenhower
Glacier Bay National Park and Preserve,Alaska,NPS,Diminished,,,
Glacier Bay National Park and Preserve,Alaska,NPS,Enlarged,12/01/78,1978,J. Carter
Glacier Bay National Park and Preserve,Alaska,NPS,Redesignated NP&P,12/02/80,1980,96th Congress
Part of Old Fort Niagara State Park,New York,State of New York,Established,09/05/25,1925,C. Coolidge
Part of Old Fort Niagara State Park,New York,State of New York,Transferred to NY,09/07/49,1949,81st Congress
Part of Old Fort Niagara State Park,New York,State of New York,Now part of Old Fort Niagara State Park,,,
Lava Beds National Monument,California,NPS,Established,11/21/25,1925,C. Coolidge
Lava Beds National Monument,California,NPS,Enlarged,4/27/51,1951,H. Truman
Arches National Park,Utah,NPS,Established,04/12/29,1929,H. Hoover
Arches National Park,Utah,NPS,Enlarged,11/25/38,1938,F. D. Roosevelt
Arches National Park,Utah,NPS,Enlarged,7/22/60,1960,D. Eisenhower
Arches National Park,Utah,NPS,Diminished,7/22/60,1960,D. Eisenhower
Arches National Park,Utah,NPS,Enlarged,1/20/69,1969,L. Johnson
Arches National Park,Utah,NPS,Redesignated NP,11/12/71,1971,92d Congress
Part of White River National Forest,Colorado,USFS,Established,05/11/29,1929,H. Hoover
Part of White River National Forest,Colorado,USFS,Redesignated under Forest Service,08/03/50,1950,81st Congress
Sunset Crater Volcano National Monument,Arizona,NPS,Established,5/26/30,1930,H. Hoover
Sunset Crater Volcano National Monument,Arizona,NPS,Redesignated Sunset Crater Volcano NM,11/16/90,1990,101st Congress
Great Sand Dunes National Park and Preserve,Colorado,NPS,Established,3/17/32,1932,H. Hoover
Great Sand Dunes National Park and Preserve,Colorado,NPS,Resurveyed & Modified,03/12/46,1946,H. Truman
Great Sand Dunes National Park and Preserve,Colorado,NPS,Enlarged,06/07/56,1956,D. Eisenhower
Great Sand Dunes National Park and Preserve,Colorado,NPS,Diminished,,,
Great Sand Dunes National Park and Preserve,Colorado,NPS,Renamed National Park & Preserve,11/22/00,2000,106th Congress
Grand Canyon National Park,Arizona,NPS,Established,12/22/32,1932,H. Hoover
Grand Canyon National Park,Arizona,NPS,Diminished,04/04/40,1940,F. D. Roosevelt
Grand Canyon National Park,Arizona,NPS,Redesignated Grand Canyon NP,01/03/75,1975,93d Congress
White Sands National Monument,New Mexico,NPS,Established,1/18/33,1933,H. Hoover
White Sands National Monument,New Mexico,NPS,Enlarged,11/28/34,1934,F. D. Roosevelt
White Sands National Monument,New Mexico,NPS,Diminished,8/29/38,1938,F. D. Roosevelt
White Sands National Monument,New Mexico,NPS,Enlarged,6/24/53,1953,D. Eisenhower
White Sands National Monument,New Mexico,NPS,Enlarged,11/10/78,1978,95th Congress
Death Valley National Park,"California, Nevada",NPS,Established,02/11/33,1933,H. Hoover
Death Valley National Park,"California, Nevada",NPS,Enlarged,3/26/37,1937,F. D. Roosevelt
Death Valley National Park,"California, Nevada",NPS,Enlarged,1/17/52,1952,H. Truman
Death Valley National Park,"California, Nevada",NPS,Redesignated NP,10/31/94,1994,103d Congress
Saguaro National Park,Arizona,NPS,Established,03/01/33,1933,H. Hoover
Saguaro National Park,Arizona,NPS,Enlarged,11/15/61,1961,J. Kennedy
Saguaro National Park,Arizona,NPS,Redesignated NP,10/14/94,1994,103d Congress
Black Canyon of the Gunnison National Park,Colorado,NPS,Established,03/02/33,1933,H. Hoover
Black Canyon of the Gunnison National Park,Colorado,NPS,Enlarged,5/16/38,1938,F. D. Roosevelt
Black Canyon of the Gunnison National Park,Colorado,NPS,Enlarged,10/28/39,1939,F. D. Roosevelt
Black Canyon of the Gunnison National Park,Colorado,NPS,Diminished,04/08/60,1960,D. Eisenhower
Black Canyon of the Gunnison National Park,Colorado,NPS,Redesignated NP,01/06/99,1999,103d Congress
Cedar Breaks National Monument,Utah,NPS,Established,8/22/33,1933,F. D. Roosevelt
Dry Tortugas National Park,Florida,NPS,Established,01/04/35,1935,F. D. Roosevelt
Dry Tortugas National Park,Florida,NPS,Redesignated Dry Tortugas NP,10/26/92,1992,102d Congress
Joshua Tree National Park,California,NPS,Established,08/10/36,1936,F. D. Roosevelt
Joshua Tree National Park,California,NPS,Redesignated NP,10/31/94,1994,103d Congress
Zion National Park,Utah,NPS,Established,1/22/37,1937,F. D. Roosevelt
Zion National Park,Utah,NPS,Redesignated NP,07/11/56,1956,84th Congress
Organ Pipe Cactus National Monument,Arizona,NPS,Established,4/13/37,1937,F. D. Roosevelt
Capitol Reef National Park,Utah,NPS,Established,08/02/37,1937,F. D. Roosevelt
Capitol Reef National Park,Utah,NPS,Enlarged,07/02/58,1958,D. Eisenhower
Capitol Reef National Park,Utah,NPS,Enlarged,1/20/69,1969,L. Johnson
Capitol Reef National Park,Utah,NPS,Redesignated NP,12/18/71,1971,92d Congress
Channel Islands National Park,California,NPS,Established,4/26/38,1938,F. D. Roosevelt
Channel Islands National Park,California,NPS,Enlarged,02/09/49,1949,H. Truman
Channel Islands National Park,California,NPS,Redesignated NP,5/31/80,1980,96th Congress
Fort Laramie National Historic Site,Wyoming,NPS,Established,7/16/38,1938,F. D. Roosevelt
Fort Laramie National Historic Site,Wyoming,NPS,Redesignated NHS,4/29/60,1960,86th Congress
Gulf Islands National Seashore,Florida,NPS,Established,5/17/39,1939,F. D. Roosevelt
Gulf Islands National Seashore,Florida,NPS,Diminished,8/13/45,1945,H. Truman
Gulf Islands National Seashore,Florida,NPS,Incorporated into Gulf Islands NS,7/30/46,1946,79th Congress
Tuzigoot National Monument,Arizona,NPS,Established,7/25/39,1939,F. D. Roosevelt
Tuzigoot National Monument,Arizona,NPS,Enlarged,11/10/78,1978,95th Congress
Grand Teton National Park,Wyoming,NPS,Established,3/15/43,1943,F. D. Roosevelt
Grand Teton National Park,Wyoming,NPS,Redesignated Grand Teton NP,9/14/50,1950,81st Congress
Effigy Mounds National Monument,Iowa,NPS,Established,10/25/49,1949,H. Truman
Thomas Edison National Historical Park,New Jersey,NPS,Established,7/14/56,1956,D. Eisenhower
Thomas Edison National Historical Park,New Jersey,NPS,Redesignated NHS,09/05/62,1962,87th Congress
Thomas Edison National Historical Park,New Jersey,NPS,Redesignated Thomas Edison NHP,3/30/09,2009,111th Congress
Chesapeake and Ohio Canal National Historical Park,Maryland,NPS,Established,1/18/61,1961,D. Eisenhower
Chesapeake and Ohio Canal National Historical Park,Maryland,NPS,Redesignated NHP,01/08/71,1971,91st Congress
Russell Cave National Monument,Alabama,NPS,Established,05/11/61,1961,J. Kennedy
Buck Island Reef National Monument,Virgin Islands,NPS,Established,12/28/61,1961,J. Kennedy
Buck Island Reef National Monument,Virgin Islands,NPS,Enlarged,02/01/75,1975,G. Ford
Buck Island Reef National Monument,Virgin Islands,NPS,Amending Description,3/28/75,1975,G. Ford
Buck Island Reef National Monument,Virgin Islands,NPS,Enlarged,1/17/01,2001,W. Clinton
Grand Canyon National Park,Arizona,NPS,Established,1/20/69,1969,L. Johnson
Grand Canyon National Park,Arizona,NPS,Incorporated into Grand Canyon NP,01/03/75,1975,93d Congress
Part of Tongass National Forest,Alaska,USFS,Established,12/01/78,1978,J. Carter
Aniakchak National Monument & Preserve,Alaska,NPS,Established,12/01/78,1978,J. Carter
Aniakchak National Monument & Preserve,Alaska,NPS,Partially Redesignated Preserve,12/02/80,1980,96th Congress
Becharof National Wildlife Refuge,Alaska,FWS,Established,12/01/78,1978,J. Carter
Bering Land Bridge National Preserve,Alaska,NPS,Established,12/01/78,1978,J. Carter
Bering Land Bridge National Preserve,Alaska,NPS,Redesignated National Preserve,12/02/80,1980,96th Congress
Cape Krusenstern National Monument,Alaska,NPS,Established,12/01/78,1978,J. Carter
Denali National Park,Alaska,NPS,Established,12/01/78,1978,J. Carter
Denali National Park,Alaska,NPS,Redesignated NP,12/02/80,1980,96th Congress
Gates of the Arctic National Park and Preserve,Alaska,NPS,Established,12/01/78,1978,J. Carter
Gates of the Arctic National Park and Preserve,Alaska,NPS,Redesignated NP&P,12/02/80,1980,96th Congress
Kenai Fjords National Park,Alaska,NPS,Established,12/01/78,1978,J. Carter
Kenai Fjords National Park,Alaska,NPS,Redesignated NP,12/02/80,1980,96th Congress
Kobuk Valley National Park,Alaska,NPS,Established,12/01/78,1978,J. Carter
Kobuk Valley National Park,Alaska,NPS,Redesignated NP,12/02/80,1980,96th Congress
Lake Clark National Park and Preserve,Alaska,NPS,Established,12/01/78,1978,J. Carter
Lake Clark National Park and Preserve,Alaska,NPS,Redesignated National Park & Preserve,12/02/80,1980,96th Congress
Part of Tongass National Forest,Alaska,USFS,Established,12/01/78,1978,J. Carter
Part of Tongass National Forest,Alaska,USFS,Redesignated within Tongass National Forest,12/02/80,1980,
Noatak National Preserve,Alaska,NPS,Established,12/01/78,1978,J. Carter
Noatak National Preserve,Alaska,NPS,Redesignated Preserve,12/02/80,1980,96th Congress
Wrangall-St. Elias National Park and Preserve,Alaska,NPS,Established,12/01/78,1978,J. Carter
Wrangall-St. Elias National Park and Preserve,Alaska,NPS,Redesignated NP&P,12/02/80,1980,96th Congress
Yukon-Charley Rivers National Preserve,Alaska,NPS,Established,12/01/78,1978,J. Carter
Yukon-Charley Rivers National Preserve,Alaska,NPS,Redesignated Preserve,12/02/80,1980,96th Congress
Yukon Flats National Wildlife Refuge,Alaska,FWS,Established,12/01/78,1978,J. Carter
Yukon Flats National Wildlife Refuge,Alaska,FWS,Redesignated National Wildlife Refuge,12/02/80,1980,96th Congress
Grand Staircase-Escalante National Monument,Utah,BLM,Established,9/18/96,1996,W. Clinton
Agua Fria National Monument,Arizona,BLM,Established,01/11/00,2000,W. Clinton
California Coastal National Monument,California,BLM,Established (BLM),01/11/00,2000,W. Clinton
California Coastal National Monument,California,BLM,Enlarged,03/11/14,2014,B. H. Obama
California Coastal National Monument,California,BLM,Enlarged,01/12/17,2017,B. H. Obama
Grand Canyon-Parashant National Monument,Arizona,BLM,Established,01/11/00,2000,W. Clinton
Part of Sequoia National Forest,California,USFS,Established,4/15/00,2000,W. Clinton
Canyon of the Ancients National Monument,Colorado,BLM,Established,06/09/00,2000,W. Clinton
Cascade-Siskiyou National Monument,Oregon,BLM,Established (BLM),06/09/00,2000,W. Clinton
Cascade-Siskiyou National Monument,Oregon,BLM,Enlarged,01/12/17,2017,B. H. Obama
Hanford Reach National Monument,Washington,FWS,Established,06/09/00,2000,W. Clinton
Ironwood Forest National Monument,Arizona,BLM,Established,06/09/00,2000,W. Clinton
President Lincoln and Soldier's Home National Monument,"Washington, DC",NPS,Established,07/07/00,2000,W. Clinton
Vermillion Cliffs National Monument,Arizona,BLM,Established,11/09/00,2000,W. Clinton
Carrizo Plain National Monument,California,BLM,Established,1/17/01,2001,W. Clinton
Kasha-Katuwe Tent Rocks National Monument,New Mexico,BLM,Established,1/17/01,2001,W. Clinton
Minidoka National Historic Site,Idaho,NPS,Established,1/17/01,2001,W. Clinton
Minidoka National Historic Site,Idaho,NPS,Redesignated NHS,05/08/08,2008,G.W. Bush
Pompeys Pillar National Monument,Montana,BLM,Established,1/17/01,2001,W. Clinton
Sonoran Desert National Monument,Arizona,BLM,Established,1/17/01,2001,W. Clinton
Upper Missouri River Breaks National Monument,Montana,BLM,Established,1/17/01,2001,W. Clinton
Virgin Islands Coral Reef National Monument,Virgin Islands,NPS,Established,1/17/01,2001,W. Clinton
Governors Island National Monument,New York,NPS,Established,1/19/01,2001,W. Clinton
Governors Island National Monument,New York,NPS,Reaffirmed,1/31/03,2003,G. W. Bush
African Burial Ground National Monument,New York,NPS,Established,2/27/06,2006,G. W. Bush
Papahānaumokuākea Marine National Monument,Hawaii,"FWS, NOAA",Established (FWS and NOAA),6/15/06,2006,G. W. Bush
Papahānaumokuākea Marine National Monument,Hawaii,"FWS, NOAA",Redesignated Papahānaumokuākea MNM,2/28/07,2007,G.W. Bush
Papahānaumokuākea Marine National Monument,Hawaii,"FWS, NOAA",Enlarged,8/26/16,2016,B.H. Obama
World War II Valor in the Pacific National Monument,Hawaii,"NPS, FWS",Established,12/05/08,2008,G. W. Bush
Rose Atoll National Monument,American Samoa,NOAA,Established,01/06/09,2009,G. W. Bush
Pacific Remote Islands National Monument,Hawaii,"FWS, NOAA",Established,01/06/09,2009,G. W. Bush
Pacific Remote Islands National Monument,Hawaii,"FWS, NOAA",Enlarged,9/25/14,2014,B. H. Obama
Mariana's Trench National Monument,"Northern Mariana Islands, Guam",NOAA,Established,01/06/09,2009,G. W. Bush
Fort Monroe National Monument,Virginia,NPS,Established,11/01/11,2011,B. H. Obama
Fort Ord National Monument,California,BLM,Established,4/20/12,2012,B. H. Obama
Chimney Rock National Monument,Colorado,USFS,Established,9/21/12,2012,B. H. Obama
Cesar E. Chavez National Monument,California,NPS,Established,10/08/12,2012,B. H. Obama
San Juan Islands National Monument,Washington,BLM,Established,3/25/13,2013,B. H. Obama
Rio Grande del Norte National Monument,New Mexico,BLM,Established,3/25/13,2013,B. H. Obama
Harriet Tubman Underground Railroad National Historical Park,Maryland,"NPS, FWS",Established (NPS and FWS),3/25/13,2013,B. H. Obama
Harriet Tubman Underground Railroad National Historical Park,Maryland,"NPS, FWS",Partially redesignated NHP (NPS),12/19/14,2014,113th Congress
First State National Historical Park,Delaware,NPS,Established,3/25/13,2013,B. H. Obama
First State National Historical Park,Delaware,NPS,Redesignated NHP,12/19/14,2014,113th Congress
Charles Young Buffalo Soldiers Monument,Ohio,NPS,Established,3/25/13,2013,B. H. Obama
Organ Mountains-Desert Peaks National Monument,New Mexico,BLM,Established,5/21/14,2014,B. H. Obama
San Gabriel Mountains National Monument,California,USFS,Established,10/10/14,2014,B. H. Obama
Honouliuli National Monument,Hawaii,NPS,Established,2/14/15,2015,B. H. Obama
Pullman National Monument,Illinois,NPS,Established,2/19/15,2015,B. H. Obama
Browns Canyon National Monument,New Mexico,"BLM, USFS",Established,2/19/15,2015,B. H. Obama
Berryessa Snow Mountain National Monument,California,USFS,Established,07/10/15,2015,B. H. Obama
Waco Mammoth National Monument,Texas,NPS,Established,07/10/15,2015,B. H. Obama
Basin and Range National Monument,Nevada,BLM,Established,07/10/15,2015,B. H. Obama
Mojave Trails National Monument,California,BLM,Established,02/12/16,2016,B. H. Obama
Sand to Snow National Monument,California,USFS,Established,02/12/16,2016,B. H. Obama
Castle Mountains National Monument,California,NPS,Established,02/12/16,2016,B. H. Obama
Belmont-Paul Women's Equality National Monument,"Washington, DC",NPS,Established,04/12/16,2016,B. H. Obama
Stonewall National Monument,New York,NPS,Established,6/24/16,2016,B. H. Obama
Katahdin Woods and Waters National Monument,Maine,NPS,Established,8/24/16,2016,B. H. Obama
Northeast Canyons and Seamounts Marine National Monument,Massachusetts,"NOAA, FWS",Established,9/15/16,2016,B.H. Obama
Bears Ears National Monument,Utah,"BLM, USFS",Established,12/28/16,2016,B. H. Obama
Gold Butte National Monument,Nevada,BLM,Established,12/28/16,2016,B. H. Obama
Birmingham Civil Rights National Monument,Alabama,NPS,Established,01/12/17,2017,B. H. Obama
Freedom Riders National Monument,Alabama,NPS,Established,01/12/17,2017,B. H. Obama
Reconstruction Era National Monument,South Carolina,NPS,Established,01/12/17,2017,B. H. Obama